BeginAnalysis,,
_AnalysisName," ""Run101620-1_Material X_Analysis 94623.mss""",
_MethodName," ""Method 123468_06-Peel Strength.msm""",
InitialSpeed,305,"  ""mm/min"""
DataRate,50,"  ""Hz"""
EndPoint,40,"  ""mm"""
GageLength,50,"  ""mm"""
PeelEndExt,40,"  ""mm"""
StartPoint,3,"  ""mm"""
BeginSample,,
AverageLoad,0.91,"  ""N"""
AvgNPeaks,2.23,"  ""N"""
PeakLoad,2.58,"  ""N"""
PeelEnd,402,"  """""
PeelStart,38,"  """""
BeginData,,
_Load, SlackExt,
N," ""mm""",
0,0,
0,0,
0,0,
0,0,
0,0,
0,0.001,
0,0.009,
0,0.036,
0,0.072,
0.02,0.124,
0.06,0.189,
0.04,0.264,
0.02,0.352,
0.03,0.452,
0.03,0.558,
0.02,0.659,
0.01,0.761,
0.01,0.863,
0.01,0.964,
0.01,1.066,
0.01,1.168,
0.02,1.268,
0.02,1.371,
0.02,1.473,
0.02,1.574,
0.02,1.676,
0.03,1.777,
0.03,1.879,
0.03,1.981,
0.04,2.082,
0.04,2.183,
0.05,2.286,
0.06,2.387,
0.07,2.489,
0.08,2.591,
0.08,2.692,
0.09,2.794,
0.11,2.896,
0.12,2.997,
0.13,3.099,
0.14,3.201,
0.16,3.302,
0.18,3.404,
0.2,3.506,
0.22,3.607,
0.24,3.709,
0.26,3.81,
0.27,3.912,
0.28,4.015,
0.29,4.115,
0.31,4.217,
0.35,4.319,
0.38,4.42,
0.42,4.523,
0.46,4.624,
0.5,4.725,
0.54,4.828,
0.57,4.929,
0.58,5.03,
0.58,5.133,
0.6,5.234,
0.62,5.336,
0.6,5.438,
0.55,5.539,
0.47,5.64,
0.43,5.743,
0.44,5.844,
0.47,5.946,
0.48,6.048,
0.49,6.148,
0.5,6.25,
0.52,6.352,
0.54,6.454,
0.55,6.556,
0.53,6.658,
0.45,6.759,
0.37,6.861,
0.35,6.962,
0.37,7.064,
0.36,7.166,
0.35,7.267,
0.35,7.368,
0.37,7.471,
0.39,7.572,
0.4,7.674,
0.41,7.776,
0.4,7.877,
0.41,7.979,
0.44,8.081,
0.42,8.182,
0.36,8.284,
0.36,8.386,
0.39,8.487,
0.41,8.589,
0.4,8.691,
0.38,8.792,
0.37,8.894,
0.38,8.995,
0.39,9.097,
0.39,9.2,
0.38,9.3,
0.4,9.402,
0.43,9.504,
0.46,9.605,
0.49,9.707,
0.53,9.809,
0.54,9.91,
0.52,10.013,
0.53,10.114,
0.56,10.215,
0.57,10.318,
0.57,10.418,
0.54,10.521,
0.5,10.623,
0.47,10.724,
0.44,10.825,
0.44,10.928,
0.45,11.028,
0.45,11.131,
0.46,11.233,
0.49,11.333,
0.52,11.436,
0.54,11.537,
0.57,11.639,
0.58,11.741,
0.59,11.842,
0.61,11.944,
0.62,12.046,
0.63,12.147,
0.66,12.249,
0.69,12.351,
0.72,12.452,
0.75,12.554,
0.75,12.656,
0.73,12.757,
0.74,12.859,
0.76,12.961,
0.76,13.062,
0.77,13.164,
0.79,13.265,
0.81,13.367,
0.86,13.469,
0.9,13.571,
0.93,13.672,
0.96,13.774,
1,13.875,
1.04,13.977,
1.09,14.079,
1.15,14.18,
1.19,14.282,
1.07,14.385,
0.82,14.485,
0.72,14.587,
0.74,14.689,
0.79,14.79,
0.84,14.893,
0.88,14.994,
0.89,15.095,
0.91,15.198,
0.96,15.299,
0.97,15.4,
0.97,15.503,
0.95,15.603,
0.89,15.706,
0.88,15.808,
0.92,15.908,
0.98,16.01,
1.02,16.113,
1.04,16.213,
1.1,16.316,
1.17,16.418,
1.22,16.518,
1.21,16.621,
1.19,16.722,
1.24,16.824,
1.27,16.926,
1.25,17.027,
1.24,17.129,
1.26,17.231,
1.29,17.332,
1.34,17.434,
1.4,17.536,
1.45,17.637,
1.46,17.739,
1.48,17.841,
1.55,17.941,
1.6,18.044,
1.57,18.146,
1.47,18.247,
1.38,18.349,
1.37,18.451,
1.42,18.552,
1.49,18.654,
1.54,18.755,
1.55,18.857,
1.57,18.959,
1.62,19.06,
1.62,19.162,
1.6,19.264,
1.59,19.365,
1.61,19.467,
1.65,19.569,
1.66,19.67,
1.62,19.772,
1.53,19.874,
1.47,19.975,
1.51,20.077,
1.55,20.179,
1.56,20.28,
1.52,20.383,
1.48,20.483,
1.45,20.585,
1.44,20.688,
1.45,20.788,
1.46,20.891,
1.49,20.993,
1.54,21.093,
1.57,21.196,
1.61,21.298,
1.63,21.398,
1.56,21.501,
1.5,21.603,
1.51,21.703,
1.55,21.806,
1.6,21.907,
1.63,22.008,
1.57,22.111,
1.46,22.212,
1.43,22.314,
1.47,22.416,
1.52,22.517,
1.51,22.619,
1.49,22.721,
1.44,22.822,
1.38,22.924,
1.39,23.026,
1.44,23.127,
1.46,23.229,
1.48,23.33,
1.49,23.432,
1.43,23.534,
1.37,23.635,
1.39,23.737,
1.45,23.84,
1.47,23.94,
1.36,24.042,
1.27,24.144,
1.3,24.245,
1.34,24.347,
1.4,24.449,
1.46,24.55,
1.49,24.652,
1.5,24.754,
1.47,24.855,
1.42,24.958,
1.43,25.059,
1.48,25.16,
1.5,25.262,
1.5,25.364,
1.52,25.465,
1.56,25.568,
1.55,25.668,
1.52,25.77,
1.53,25.873,
1.57,25.973,
1.63,26.076,
1.69,26.177,
1.74,26.278,
1.78,26.381,
1.82,26.483,
1.85,26.583,
1.83,26.686,
1.72,26.787,
1.56,26.888,
1.37,26.991,
1.26,27.092,
1.23,27.193,
1.25,27.296,
1.3,27.397,
1.36,27.499,
1.44,27.601,
1.49,27.702,
1.5,27.804,
1.53,27.906,
1.61,28.007,
1.7,28.109,
1.78,28.211,
1.86,28.312,
1.92,28.414,
1.98,28.515,
2.01,28.617,
1.99,28.719,
2,28.82,
2.06,28.922,
2.14,29.024,
2.22,29.125,
2.29,29.227,
2.37,29.329,
2.42,29.43,
2.44,29.532,
2.47,29.634,
2.46,29.735,
2.44,29.837,
2.48,29.939,
2.52,30.04,
2.5,30.142,
2.51,30.244,
2.53,30.346,
2.56,30.448,
2.58,30.549,
2.56,30.65,
2.5,30.753,
2.46,30.853,
2.43,30.955,
2.39,31.058,
2.36,31.158,
2.35,31.261,
2.36,31.362,
2.36,31.463,
2.3,31.566,
2.16,31.667,
2.04,31.768,
2.02,31.871,
2.01,31.972,
1.97,32.074,
1.94,32.176,
1.96,32.277,
1.96,32.378,
1.86,32.481,
1.74,32.582,
1.68,32.684,
1.62,32.786,
1.55,32.887,
1.48,32.989,
1.44,33.091,
1.45,33.192,
1.49,33.294,
1.51,33.396,
1.44,33.497,
1.32,33.599,
1.3,33.7,
1.33,33.802,
1.35,33.904,
1.32,34.005,
1.28,34.107,
1.21,34.209,
1.08,34.31,
0.93,34.412,
0.86,34.514,
0.79,34.615,
0.71,34.717,
0.68,34.819,
0.68,34.92,
0.65,35.022,
0.62,35.124,
0.63,35.225,
0.64,35.328,
0.66,35.429,
0.67,35.531,
0.68,35.632,
0.7,35.734,
0.71,35.835,
0.71,35.938,
0.69,36.038,
0.67,36.14,
0.67,36.243,
0.67,36.343,
0.68,36.446,
0.69,36.548,
0.69,36.648,
0.66,36.751,
0.6,36.852,
0.56,36.953,
0.56,37.056,
0.54,37.157,
0.51,37.259,
0.51,37.361,
0.52,37.462,
0.52,37.564,
0.53,37.666,
0.53,37.767,
0.52,37.869,
0.5,37.971,
0.5,38.072,
0.47,38.174,
0.44,38.276,
0.42,38.377,
0.39,38.479,
0.35,38.58,
0.34,38.682,
0.35,38.784,
0.35,38.885,
0.35,38.987,
0.36,39.089,
0.36,39.19,
0.33,39.292,
0.32,39.395,
0.31,39.495,
0.26,39.597,
0.25,39.699,
0.25,39.8,
0.26,39.902,
0.26,40.004,
0.27,40.105,
0.27,40.207,
0.28,40.309,
0.28,40.41,
0.28,40.513,
0.28,40.614,
0.29,40.716,
0.29,40.817,
0.29,40.919,
0.28,41.02,
0.27,41.123,
0.28,41.223,
0.28,41.326,
0.28,41.427,
0.28,41.528,
0.27,41.631,
0.27,41.732,
0.26,41.833,
0.26,41.936,
0.26,42.037,
0.26,42.139,
0.26,42.241,
0.27,42.342,
0.26,42.443,
0.27,42.546,
0.26,42.647,
0.23,42.749,
0.22,42.851,
0.22,42.952,
0.22,43.054,
0.22,43.156,
0.22,43.257,
0.22,43.359,
0.2,43.461,
0.15,43.562,
0.14,43.664,
0.14,43.765,
0.14,43.867,
0.15,43.969,
0.15,44.07,
0.15,44.172,
0.15,44.274,
0.15,44.375,
0.15,44.477,
0.16,44.579,
0.16,44.68,
0.13,44.782,
0.09,44.884,
0.06,44.985,
0.03,45.042,
0.03,45.042,
EndData,,
EndSample,,
BeginSample,,
AverageLoad,0.97,"  ""N"""
AvgNPeaks,2.48,"  ""N"""
PeakLoad,2.53,"  ""N"""
PeelEnd,402,"  """""
PeelStart,38,"  """""
BeginData,,
_Load, SlackExt,
N," ""mm""",
0,0.001,
0,0.001,
0,0.001,
0,0.001,
0,0,
0,0.003,
0,0.019,
0,0.049,
0.01,0.091,
0.05,0.149,
0.06,0.218,
0.03,0.298,
0.03,0.391,
0.03,0.495,
0.03,0.599,
0.02,0.7,
0.01,0.802,
0.01,0.904,
0.02,1.004,
0.02,1.107,
0.02,1.208,
0.02,1.309,
0.02,1.412,
0.02,1.513,
0.02,1.615,
0.03,1.717,
0.03,1.818,
0.03,1.92,
0.04,2.022,
0.04,2.123,
0.04,2.225,
0.05,2.327,
0.05,2.427,
0.05,2.53,
0.06,2.631,
0.07,2.733,
0.07,2.835,
0.08,2.937,
0.09,3.038,
0.1,3.14,
0.12,3.241,
0.13,3.343,
0.15,3.445,
0.17,3.546,
0.19,3.648,
0.22,3.75,
0.24,3.851,
0.26,3.953,
0.27,4.055,
0.29,4.156,
0.32,4.258,
0.36,4.36,
0.4,4.461,
0.4,4.564,
0.39,4.665,
0.39,4.766,
0.4,4.869,
0.4,4.969,
0.42,5.071,
0.43,5.174,
0.4,5.274,
0.38,5.377,
0.34,5.479,
0.32,5.579,
0.33,5.682,
0.35,5.784,
0.37,5.884,
0.41,5.987,
0.44,6.088,
0.48,6.19,
0.49,6.292,
0.46,6.393,
0.42,6.494,
0.38,6.597,
0.37,6.698,
0.4,6.8,
0.44,6.902,
0.46,7.003,
0.48,7.105,
0.52,7.207,
0.56,7.308,
0.6,7.41,
0.62,7.512,
0.62,7.613,
0.62,7.715,
0.62,7.816,
0.62,7.918,
0.59,8.02,
0.55,8.121,
0.56,8.223,
0.6,8.325,
0.63,8.426,
0.67,8.528,
0.71,8.63,
0.73,8.731,
0.7,8.833,
0.67,8.935,
0.68,9.036,
0.68,9.138,
0.68,9.24,
0.65,9.341,
0.63,9.444,
0.65,9.545,
0.68,9.647,
0.72,9.749,
0.75,9.849,
0.78,9.951,
0.83,10.054,
0.86,10.154,
0.88,10.256,
0.88,10.358,
0.85,10.459,
0.84,10.562,
0.83,10.663,
0.84,10.764,
0.89,10.867,
0.94,10.968,
0.98,11.069,
1,11.172,
1.01,11.273,
1.01,11.375,
1.02,11.477,
1,11.578,
0.88,11.679,
0.78,11.782,
0.78,11.883,
0.8,11.985,
0.83,12.087,
0.87,12.188,
0.91,12.29,
0.93,12.392,
0.95,12.493,
0.99,12.595,
1.02,12.696,
1.05,12.798,
1.09,12.9,
1.12,13.001,
1.15,13.103,
1.19,13.205,
1.21,13.306,
1.24,13.408,
1.28,13.51,
1.32,13.611,
1.35,13.713,
1.38,13.815,
1.38,13.916,
1.36,14.018,
1.35,14.12,
1.33,14.221,
1.3,14.323,
1.23,14.425,
1.16,14.526,
1.19,14.628,
1.24,14.729,
1.29,14.832,
1.32,14.933,
1.29,15.035,
1.29,15.136,
1.34,15.239,
1.37,15.339,
1.39,15.441,
1.42,15.543,
1.39,15.644,
1.35,15.747,
1.37,15.848,
1.36,15.949,
1.32,16.052,
1.32,16.153,
1.37,16.254,
1.42,16.357,
1.41,16.458,
1.32,16.56,
1.29,16.662,
1.33,16.763,
1.35,16.864,
1.39,16.967,
1.39,17.068,
1.34,17.17,
1.32,17.272,
1.25,17.373,
1.2,17.475,
1.23,17.577,
1.27,17.678,
1.32,17.78,
1.36,17.881,
1.38,17.983,
1.4,18.085,
1.43,18.186,
1.4,18.288,
1.34,18.39,
1.3,18.491,
1.23,18.593,
1.18,18.695,
1.19,18.796,
1.21,18.898,
1.22,19,
1.24,19.101,
1.27,19.203,
1.32,19.305,
1.36,19.406,
1.4,19.508,
1.42,19.61,
1.44,19.711,
1.46,19.814,
1.49,19.914,
1.52,20.017,
1.53,20.119,
1.54,20.22,
1.54,20.321,
1.51,20.424,
1.48,20.524,
1.46,20.627,
1.45,20.728,
1.46,20.829,
1.46,20.932,
1.49,21.033,
1.51,21.134,
1.55,21.237,
1.61,21.338,
1.68,21.44,
1.72,21.542,
1.75,21.643,
1.8,21.744,
1.87,21.847,
1.94,21.948,
2,22.05,
2.03,22.152,
2.06,22.253,
2.1,22.355,
2.13,22.457,
2.13,22.558,
2.12,22.66,
2.15,22.762,
2.17,22.863,
2.17,22.965,
2.02,23.066,
1.77,23.168,
1.66,23.27,
1.69,23.371,
1.74,23.473,
1.74,23.575,
1.66,23.676,
1.61,23.778,
1.62,23.88,
1.61,23.981,
1.6,24.083,
1.64,24.185,
1.72,24.286,
1.8,24.388,
1.88,24.49,
1.92,24.591,
1.97,24.694,
2.03,24.795,
2.1,24.896,
2.18,24.999,
2.27,25.1,
2.33,25.202,
2.35,25.303,
2.28,25.405,
2.26,25.506,
2.34,25.608,
2.38,25.709,
2.41,25.812,
2.46,25.913,
2.5,26.014,
2.52,26.117,
2.46,26.218,
2.4,26.319,
2.44,26.422,
2.49,26.523,
2.39,26.624,
2.28,26.727,
2.22,26.828,
2.21,26.93,
2.24,27.032,
2.26,27.132,
2.22,27.235,
2.16,27.337,
2.19,27.438,
2.28,27.54,
2.33,27.642,
2.33,27.743,
2.33,27.845,
2.35,27.947,
2.36,28.048,
2.36,28.15,
2.31,28.251,
2.28,28.353,
2.33,28.455,
2.34,28.556,
2.27,28.658,
2.25,28.76,
2.3,28.861,
2.34,28.963,
2.34,29.065,
2.33,29.166,
2.32,29.268,
2.33,29.37,
2.4,29.471,
2.48,29.573,
2.51,29.675,
2.49,29.776,
2.51,29.879,
2.53,29.98,
2.51,30.081,
2.46,30.183,
2.35,30.284,
2.26,30.387,
2.2,30.488,
2.11,30.589,
2.07,30.691,
2.02,30.794,
1.88,30.894,
1.8,30.997,
1.73,31.098,
1.62,31.199,
1.58,31.302,
1.55,31.403,
1.51,31.504,
1.49,31.607,
1.49,31.708,
1.51,31.809,
1.54,31.912,
1.57,32.013,
1.58,32.115,
1.57,32.217,
1.53,32.318,
1.5,32.42,
1.52,32.522,
1.47,32.623,
1.35,32.725,
1.24,32.827,
1.2,32.928,
1.19,33.03,
1.17,33.132,
1.17,33.233,
1.19,33.335,
1.22,33.436,
1.23,33.538,
1.2,33.64,
1.09,33.741,
1.01,33.843,
0.98,33.945,
0.95,34.046,
0.92,34.148,
0.92,34.25,
0.92,34.351,
0.9,34.453,
0.87,34.555,
0.82,34.656,
0.79,34.758,
0.72,34.86,
0.61,34.961,
0.59,35.064,
0.6,35.165,
0.6,35.267,
0.58,35.368,
0.5,35.469,
0.45,35.572,
0.45,35.673,
0.43,35.774,
0.39,35.877,
0.39,35.978,
0.4,36.079,
0.39,36.182,
0.37,36.283,
0.35,36.385,
0.34,36.487,
0.34,36.588,
0.35,36.689,
0.36,36.792,
0.37,36.893,
0.36,36.995,
0.36,37.097,
0.37,37.198,
0.38,37.3,
0.39,37.402,
0.4,37.503,
0.4,37.605,
0.41,37.707,
0.41,37.808,
0.41,37.91,
0.4,38.011,
0.38,38.113,
0.37,38.215,
0.37,38.316,
0.37,38.418,
0.36,38.52,
0.3,38.621,
0.18,38.723,
0.12,38.825,
0.12,38.926,
0.12,39.028,
0.13,39.13,
0.13,39.231,
0.14,39.333,
0.13,39.435,
0.12,39.536,
0.11,39.638,
0.11,39.74,
0.11,39.841,
0.11,39.943,
0.11,40.044,
0.11,40.146,
0.11,40.249,
0.11,40.35,
0.11,40.451,
0.11,40.553,
0.09,40.654,
0.03,40.757,
0,40.858,
0,40.959,
0,41.062,
0,41.163,
0,41.264,
0,41.367,
0,41.468,
0,41.57,
0,41.672,
0,41.773,
-0.01,41.875,
0,41.977,
0,42.078,
-0.01,42.18,
0,42.282,
0,42.382,
-0.01,42.485,
0,42.587,
0,42.688,
0,42.79,
0,42.892,
0,42.993,
-0.01,43.095,
0,43.196,
0,43.298,
0,43.4,
0,43.501,
0,43.603,
0,43.705,
0,43.806,
0,43.908,
0,44.01,
0,44.111,
-0.01,44.214,
0,44.315,
0,44.416,
0,44.518,
0,44.62,
0,44.721,
0,44.823,
0,44.925,
-0.01,45.023,
-0.01,45.023,
EndData,,
EndSample,,
BeginSample,,
AverageLoad,1.21,"  ""N"""
AvgNPeaks,2.73,"  ""N"""
PeakLoad,2.96,"  ""N"""
PeelEnd,403,"  """""
PeelStart,39,"  """""
BeginData,,
_Load, SlackExt,
N," ""mm""",
0,0.001,
0,0.001,
0,0.001,
0,0.001,
0,0.001,
0,0.001,
0,0.001,
0,0.009,
0,0.035,
0,0.07,
0.03,0.121,
0.06,0.186,
0.04,0.261,
0.02,0.348,
0.03,0.447,
0.03,0.553,
0.02,0.654,
0.01,0.756,
0.01,0.858,
0.01,0.959,
0.01,1.061,
0.02,1.163,
0.02,1.264,
0.02,1.366,
0.02,1.468,
0.03,1.569,
0.03,1.671,
0.03,1.773,
0.03,1.874,
0.04,1.976,
0.05,2.077,
0.05,2.179,
0.06,2.281,
0.06,2.382,
0.07,2.484,
0.08,2.586,
0.08,2.687,
0.08,2.79,
0.1,2.891,
0.11,2.992,
0.12,3.094,
0.14,3.196,
0.15,3.297,
0.17,3.4,
0.19,3.501,
0.21,3.602,
0.23,3.704,
0.25,3.805,
0.26,3.907,
0.27,4.01,
0.29,4.111,
0.3,4.213,
0.3,4.314,
0.31,4.415,
0.32,4.518,
0.32,4.619,
0.32,4.72,
0.32,4.823,
0.34,4.924,
0.37,5.025,
0.4,5.128,
0.44,5.229,
0.4,5.331,
0.31,5.433,
0.28,5.534,
0.31,5.636,
0.33,5.738,
0.36,5.839,
0.38,5.941,
0.4,6.043,
0.39,6.144,
0.4,6.246,
0.42,6.348,
0.43,6.449,
0.43,6.551,
0.46,6.653,
0.5,6.754,
0.53,6.856,
0.57,6.957,
0.61,7.059,
0.63,7.161,
0.66,7.262,
0.69,7.364,
0.71,7.466,
0.7,7.567,
0.71,7.669,
0.73,7.771,
0.74,7.872,
0.77,7.974,
0.8,8.076,
0.8,8.177,
0.79,8.279,
0.79,8.381,
0.82,8.482,
0.86,8.585,
0.91,8.686,
0.94,8.787,
0.98,8.889,
1,8.99,
0.99,9.092,
1,9.195,
1.04,9.295,
1.06,9.397,
1.08,9.499,
1.13,9.601,
1.19,9.703,
1.23,9.804,
1.28,9.905,
1.33,10.008,
1.36,10.109,
1.34,10.21,
1.32,10.313,
1.29,10.414,
1.27,10.516,
1.28,10.618,
1.32,10.719,
1.38,10.82,
1.44,10.923,
1.48,11.024,
1.52,11.125,
1.54,11.228,
1.47,11.329,
1.39,11.431,
1.37,11.533,
1.39,11.634,
1.41,11.736,
1.41,11.838,
1.39,11.939,
1.34,12.041,
1.3,12.142,
1.29,12.244,
1.3,12.346,
1.29,12.447,
1.29,12.549,
1.27,12.651,
1.21,12.752,
1.19,12.854,
1.23,12.956,
1.26,13.057,
1.26,13.16,
1.27,13.261,
1.31,13.362,
1.37,13.464,
1.39,13.566,
1.37,13.667,
1.39,13.77,
1.43,13.871,
1.42,13.972,
1.4,14.074,
1.46,14.175,
1.53,14.277,
1.58,14.38,
1.63,14.48,
1.67,14.582,
1.65,14.684,
1.6,14.785,
1.58,14.888,
1.63,14.989,
1.7,15.09,
1.74,15.193,
1.72,15.294,
1.64,15.395,
1.56,15.498,
1.58,15.598,
1.63,15.701,
1.58,15.803,
1.52,15.904,
1.52,16.005,
1.57,16.108,
1.63,16.209,
1.68,16.311,
1.62,16.413,
1.52,16.513,
1.54,16.616,
1.61,16.717,
1.68,16.819,
1.74,16.921,
1.72,17.023,
1.65,17.124,
1.68,17.226,
1.74,17.327,
1.8,17.429,
1.86,17.531,
1.94,17.632,
2.01,17.734,
2.06,17.836,
2.1,17.937,
2.14,18.039,
2.16,18.141,
2.17,18.242,
2.17,18.344,
2.17,18.446,
2.19,18.547,
2.21,18.65,
2.2,18.751,
2.19,18.852,
2.2,18.955,
2.23,19.055,
2.28,19.158,
2.32,19.259,
2.33,19.36,
2.31,19.462,
2.26,19.565,
2.25,19.666,
2.27,19.768,
2.28,19.869,
2.31,19.97,
2.35,20.073,
2.39,20.174,
2.39,20.276,
2.42,20.378,
2.51,20.479,
2.58,20.58,
2.59,20.683,
2.53,20.784,
2.5,20.886,
2.56,20.988,
2.56,21.088,
2.45,21.191,
2.37,21.293,
2.33,21.394,
2.3,21.496,
2.23,21.598,
2.09,21.698,
2.01,21.801,
2.01,21.902,
2.01,22.004,
2.01,22.106,
2.01,22.208,
1.96,22.309,
1.92,22.411,
1.91,22.512,
1.95,22.614,
2.02,22.716,
2.08,22.817,
2.14,22.919,
2.2,23.021,
2.24,23.122,
2.29,23.224,
2.31,23.326,
2.27,23.427,
2.24,23.529,
2.24,23.631,
2.24,23.732,
2.22,23.835,
2.21,23.936,
2.14,24.037,
2.09,24.139,
2.12,24.24,
2.11,24.343,
2.07,24.444,
2.11,24.545,
2.14,24.647,
2.13,24.749,
2.1,24.85,
2.07,24.953,
2.1,25.054,
2.16,25.155,
2.23,25.258,
2.3,25.359,
2.35,25.46,
2.39,25.563,
2.37,25.664,
2.26,25.765,
2.21,25.868,
2.12,25.969,
1.97,26.071,
1.96,26.173,
2.01,26.273,
2.03,26.376,
2.08,26.478,
2.15,26.579,
2.19,26.681,
2.22,26.782,
2.27,26.883,
2.32,26.986,
2.31,27.087,
2.22,27.188,
2.13,27.291,
2.1,27.392,
2.05,27.494,
2.06,27.596,
2.09,27.697,
2.1,27.799,
2.09,27.901,
2.11,28.002,
2.16,28.104,
2.22,28.206,
2.28,28.307,
2.31,28.409,
2.33,28.511,
2.34,28.612,
2.29,28.714,
2.23,28.816,
2.25,28.917,
2.32,29.02,
2.39,29.121,
2.43,29.222,
2.5,29.325,
2.55,29.425,
2.59,29.527,
2.64,29.629,
2.65,29.73,
2.64,29.833,
2.65,29.935,
2.58,30.035,
2.54,30.138,
2.6,30.239,
2.62,30.341,
2.62,30.443,
2.67,30.544,
2.72,30.645,
2.71,30.748,
2.66,30.848,
2.59,30.95,
2.59,31.053,
2.64,31.153,
2.7,31.256,
2.78,31.358,
2.84,31.459,
2.89,31.561,
2.92,31.663,
2.96,31.764,
2.93,31.866,
2.85,31.967,
2.76,32.069,
2.52,32.171,
2.22,32.272,
2.13,32.374,
2.19,32.476,
2.25,32.577,
2.21,32.679,
2.09,32.781,
2.07,32.882,
2.11,32.984,
2.16,33.086,
2.22,33.187,
2.28,33.289,
2.34,33.391,
2.35,33.492,
2.31,33.594,
2.32,33.695,
2.36,33.798,
2.3,33.9,
1.94,34,
1.61,34.102,
1.58,34.205,
1.6,34.305,
1.6,34.407,
1.5,34.51,
1.3,34.61,
1.22,34.712,
1.17,34.814,
1.1,34.915,
1.1,35.018,
1.12,35.119,
1.13,35.22,
1.12,35.323,
1.01,35.424,
0.63,35.526,
0.31,35.628,
0.26,35.729,
0.26,35.83,
0.27,35.933,
0.28,36.034,
0.26,36.136,
0.23,36.238,
0.18,36.338,
0.12,36.441,
0.11,36.543,
0.11,36.643,
0.1,36.746,
0.08,36.848,
0.06,36.948,
0.05,37.051,
0.05,37.152,
0.05,37.254,
0.06,37.356,
0.06,37.457,
0.06,37.559,
0.07,37.661,
0.07,37.762,
0.08,37.864,
0.09,37.966,
0.09,38.067,
0.09,38.169,
0.1,38.271,
0.1,38.372,
0.11,38.474,
0.11,38.576,
0.11,38.677,
0.12,38.779,
0.12,38.88,
0.12,38.983,
0.11,39.084,
0.1,39.185,
0.1,39.287,
0.1,39.39,
0.1,39.49,
0.1,39.592,
0.11,39.694,
0.11,39.795,
0.11,39.897,
0.11,39.999,
0.11,40.1,
0.11,40.203,
0.1,40.304,
0.1,40.405,
0.1,40.508,
0.1,40.609,
0.1,40.711,
0.11,40.813,
0.11,40.914,
0.11,41.015,
0.11,41.118,
0.1,41.218,
0.1,41.321,
0.11,41.423,
0.11,41.523,
0.11,41.626,
0.12,41.728,
0.12,41.829,
0.09,41.931,
0.07,42.033,
0.06,42.133,
0.06,42.236,
0.07,42.337,
0.06,42.439,
0.07,42.541,
0.07,42.642,
0.06,42.744,
0.07,42.846,
0.07,42.947,
0.06,43.049,
0.07,43.151,
0.07,43.252,
0.07,43.354,
0.07,43.456,
0.07,43.557,
0.07,43.659,
0.04,43.76,
0.01,43.862,
0,43.965,
0,44.065,
-0.01,44.168,
0,44.27,
0,44.37,
0,44.472,
0,44.575,
0,44.675,
0,44.777,
0,44.879,
0,44.98,
0,45.041,
0,45.041,
EndData,,
EndSample,,
BeginSample,,
AverageLoad,0.92,"  ""N"""
AvgNPeaks,2.17,"  ""N"""
PeakLoad,2.86,"  ""N"""
PeelEnd,401,"  """""
PeelStart,38,"  """""
BeginData,,
_Load, SlackExt,
N," ""mm""",
0,0.001,
0,0.001,
0,0,
0,0,
0,0.001,
0,0.004,
0,0.022,
0,0.053,
0.01,0.096,
0.05,0.156,
0.06,0.226,
0.03,0.307,
0.03,0.401,
0.03,0.505,
0.03,0.609,
0.01,0.71,
0.01,0.812,
0.01,0.913,
0.01,1.015,
0.02,1.117,
0.02,1.218,
0.02,1.32,
0.02,1.423,
0.02,1.523,
0.02,1.625,
0.03,1.727,
0.03,1.828,
0.03,1.93,
0.04,2.032,
0.04,2.133,
0.04,2.235,
0.05,2.337,
0.05,2.438,
0.05,2.54,
0.06,2.641,
0.07,2.743,
0.07,2.845,
0.08,2.947,
0.09,3.048,
0.11,3.151,
0.13,3.251,
0.14,3.353,
0.16,3.456,
0.19,3.556,
0.21,3.658,
0.21,3.76,
0.2,3.861,
0.22,3.963,
0.23,4.065,
0.24,4.166,
0.24,4.269,
0.26,4.37,
0.27,4.472,
0.27,4.574,
0.28,4.675,
0.29,4.776,
0.32,4.879,
0.36,4.979,
0.4,5.082,
0.43,5.184,
0.46,5.285,
0.47,5.387,
0.5,5.489,
0.52,5.589,
0.52,5.692,
0.53,5.794,
0.55,5.895,
0.58,5.997,
0.61,6.098,
0.64,6.2,
0.65,6.302,
0.68,6.403,
0.72,6.505,
0.75,6.607,
0.75,6.708,
0.75,6.81,
0.75,6.912,
0.73,7.013,
0.72,7.115,
0.76,7.217,
0.8,7.318,
0.84,7.42,
0.85,7.522,
0.83,7.623,
0.83,7.725,
0.88,7.826,
0.91,7.929,
0.93,8.03,
0.92,8.131,
0.85,8.233,
0.79,8.336,
0.78,8.436,
0.79,8.538,
0.82,8.641,
0.84,8.741,
0.84,8.843,
0.82,8.945,
0.76,9.046,
0.75,9.148,
0.77,9.25,
0.81,9.352,
0.83,9.454,
0.83,9.555,
0.82,9.657,
0.83,9.759,
0.86,9.86,
0.86,9.961,
0.85,10.064,
0.87,10.164,
0.87,10.267,
0.89,10.369,
0.93,10.469,
0.95,10.572,
0.97,10.674,
1,10.774,
1.01,10.877,
1,10.979,
1.01,11.08,
1.03,11.182,
1.04,11.283,
1.06,11.385,
1.13,11.487,
1.2,11.588,
1.25,11.69,
1.28,11.792,
1.27,11.893,
1.24,11.995,
1.27,12.097,
1.31,12.198,
1.33,12.3,
1.36,12.402,
1.39,12.503,
1.43,12.606,
1.48,12.707,
1.52,12.808,
1.57,12.91,
1.62,13.011,
1.64,13.114,
1.68,13.216,
1.7,13.316,
1.7,13.418,
1.66,13.52,
1.54,13.621,
1.39,13.724,
1.35,13.825,
1.37,13.926,
1.38,14.028,
1.32,14.13,
1.25,14.231,
1.24,14.334,
1.27,14.435,
1.31,14.537,
1.35,14.639,
1.35,14.739,
1.25,14.842,
1.04,14.944,
0.87,15.045,
0.84,15.146,
0.89,15.249,
0.93,15.349,
0.97,15.452,
1,15.553,
0.97,15.655,
0.97,15.757,
0.99,15.858,
1,15.96,
1.01,16.062,
0.94,16.163,
0.86,16.265,
0.87,16.367,
0.91,16.468,
0.94,16.57,
0.97,16.672,
0.96,16.773,
0.96,16.875,
0.97,16.977,
0.96,17.078,
0.97,17.18,
1.01,17.282,
1.05,17.383,
1.05,17.485,
1.01,17.587,
0.94,17.688,
0.92,17.79,
0.92,17.891,
0.92,17.993,
0.93,18.096,
0.94,18.196,
0.99,18.299,
1.05,18.401,
1.11,18.501,
1.15,18.603,
1.17,18.705,
1.21,18.806,
1.24,18.909,
1.26,19.01,
1.28,19.111,
1.27,19.213,
1.26,19.315,
1.27,19.416,
1.3,19.519,
1.28,19.62,
1.28,19.721,
1.32,19.823,
1.34,19.925,
1.35,20.027,
1.39,20.129,
1.43,20.23,
1.49,20.331,
1.55,20.433,
1.58,20.534,
1.58,20.637,
1.6,20.738,
1.63,20.839,
1.63,20.942,
1.63,21.044,
1.65,21.144,
1.64,21.247,
1.47,21.348,
1.36,21.45,
1.4,21.552,
1.42,21.653,
1.44,21.755,
1.47,21.857,
1.47,21.958,
1.45,22.06,
1.38,22.162,
1.35,22.263,
1.38,22.365,
1.42,22.467,
1.45,22.568,
1.47,22.67,
1.42,22.772,
1.37,22.873,
1.39,22.975,
1.44,23.076,
1.48,23.178,
1.44,23.28,
1.39,23.381,
1.37,23.484,
1.34,23.585,
1.36,23.686,
1.4,23.788,
1.36,23.891,
1.28,23.991,
1.32,24.094,
1.36,24.195,
1.36,24.296,
1.31,24.399,
1.2,24.5,
1.16,24.601,
1.2,24.704,
1.22,24.805,
1.16,24.906,
1.12,25.009,
1.13,25.11,
1.12,25.212,
1.14,25.314,
1.18,25.414,
1.23,25.517,
1.28,25.619,
1.32,25.719,
1.35,25.822,
1.38,25.923,
1.38,26.025,
1.38,26.127,
1.41,26.228,
1.44,26.33,
1.48,26.432,
1.51,26.533,
1.48,26.635,
1.45,26.737,
1.44,26.838,
1.42,26.94,
1.37,27.042,
1.36,27.143,
1.4,27.245,
1.46,27.347,
1.53,27.448,
1.59,27.55,
1.64,27.652,
1.65,27.753,
1.64,27.855,
1.65,27.957,
1.68,28.058,
1.72,28.16,
1.78,28.261,
1.8,28.363,
1.82,28.466,
1.87,28.566,
1.93,28.668,
1.99,28.77,
2.07,28.871,
2.17,28.974,
2.27,29.075,
2.34,29.176,
2.39,29.279,
2.47,29.38,
2.56,29.481,
2.6,29.584,
2.62,29.685,
2.65,29.786,
2.69,29.889,
2.77,29.99,
2.85,30.092,
2.86,30.194,
2.68,30.295,
2.41,30.397,
2.32,30.498,
2.37,30.6,
2.37,30.702,
2.35,30.803,
2.32,30.904,
2.28,31.007,
2.26,31.108,
2.2,31.21,
1.96,31.312,
1.72,31.413,
1.67,31.514,
1.71,31.617,
1.74,31.718,
1.74,31.82,
1.68,31.922,
1.62,32.023,
1.61,32.125,
1.53,32.227,
1.31,32.328,
1.2,32.43,
1.25,32.532,
1.29,32.633,
1.3,32.735,
1.28,32.837,
1.26,32.939,
1.27,33.04,
1.3,33.141,
1.31,33.243,
1.29,33.345,
1.28,33.446,
1.25,33.548,
1.23,33.65,
1.25,33.751,
1.25,33.853,
1.23,33.955,
1.18,34.056,
1.18,34.159,
1.19,34.26,
1.15,34.361,
1.14,34.464,
1.13,34.565,
1.1,34.667,
1.05,34.768,
1.02,34.869,
1.01,34.971,
0.96,35.074,
0.84,35.175,
0.78,35.277,
0.78,35.379,
0.8,35.479,
0.82,35.582,
0.81,35.683,
0.68,35.785,
0.53,35.887,
0.48,35.988,
0.47,36.089,
0.48,36.192,
0.49,36.293,
0.5,36.395,
0.51,36.497,
0.51,36.598,
0.52,36.7,
0.53,36.802,
0.54,36.903,
0.51,37.005,
0.5,37.107,
0.52,37.208,
0.53,37.31,
0.54,37.412,
0.55,37.513,
0.55,37.615,
0.54,37.717,
0.49,37.818,
0.46,37.92,
0.46,38.022,
0.45,38.124,
0.46,38.225,
0.42,38.326,
0.37,38.428,
0.35,38.53,
0.35,38.631,
0.35,38.733,
0.36,38.835,
0.36,38.936,
0.36,39.039,
0.36,39.14,
0.36,39.241,
0.37,39.344,
0.37,39.445,
0.37,39.546,
0.38,39.649,
0.38,39.75,
0.36,39.852,
0.31,39.953,
0.3,40.055,
0.3,40.156,
0.3,40.259,
0.31,40.36,
0.3,40.462,
0.31,40.563,
0.31,40.665,
0.31,40.767,
0.31,40.869,
0.32,40.97,
0.32,41.072,
0.26,41.173,
0.11,41.275,
0.04,41.377,
0.04,41.478,
0.03,41.58,
0.04,41.682,
0.04,41.783,
0.04,41.885,
0.04,41.987,
0.04,42.088,
0.04,42.19,
0.04,42.292,
0.04,42.393,
0.04,42.495,
0.02,42.597,
0,42.698,
0,42.8,
0,42.901,
0,43.003,
0,43.105,
0,43.206,
0,43.308,
0,43.41,
0,43.511,
0,43.613,
0,43.715,
0,43.816,
0,43.918,
0,44.02,
0,44.121,
0,44.224,
0,44.325,
0,44.426,
0,44.529,
0,44.63,
0,44.731,
0,44.834,
0,44.935,
0,45.028,
0,45.028,
EndData,,
EndSample,,
BeginSample,,
AverageLoad,0.8,"  ""N"""
AvgNPeaks,2.33,"  ""N"""
PeakLoad,2.53,"  ""N"""
PeelEnd,401,"  """""
PeelStart,38,"  """""
BeginData,,
_Load, SlackExt,
N," ""mm""",
0,0.001,
0,0.001,
0,0.001,
0,0.001,
0,0.001,
0,0.004,
0,0.022,
0,0.053,
0.01,0.097,
0.05,0.156,
0.05,0.226,
0.03,0.307,
0.03,0.401,
0.03,0.505,
0.03,0.609,
0.01,0.71,
0.01,0.812,
0.01,0.913,
0.01,1.015,
0.02,1.117,
0.02,1.218,
0.02,1.32,
0.02,1.422,
0.03,1.523,
0.03,1.625,
0.03,1.727,
0.04,1.828,
0.04,1.93,
0.05,2.032,
0.06,2.133,
0.06,2.235,
0.07,2.337,
0.08,2.438,
0.09,2.54,
0.11,2.641,
0.12,2.743,
0.15,2.846,
0.17,2.947,
0.19,3.048,
0.21,3.151,
0.23,3.251,
0.25,3.353,
0.29,3.456,
0.31,3.556,
0.32,3.658,
0.29,3.76,
0.26,3.861,
0.27,3.964,
0.29,4.065,
0.31,4.166,
0.33,4.269,
0.34,4.37,
0.35,4.472,
0.37,4.574,
0.38,4.675,
0.36,4.776,
0.31,4.879,
0.3,4.979,
0.31,5.082,
0.33,5.184,
0.34,5.284,
0.36,5.387,
0.38,5.489,
0.4,5.589,
0.42,5.692,
0.43,5.794,
0.39,5.895,
0.38,5.997,
0.38,6.098,
0.36,6.2,
0.33,6.302,
0.28,6.403,
0.27,6.505,
0.29,6.607,
0.31,6.708,
0.33,6.81,
0.35,6.912,
0.37,7.013,
0.38,7.115,
0.39,7.217,
0.38,7.318,
0.38,7.42,
0.39,7.522,
0.36,7.623,
0.34,7.725,
0.35,7.826,
0.37,7.929,
0.39,8.03,
0.39,8.131,
0.39,8.233,
0.41,8.336,
0.42,8.436,
0.43,8.538,
0.45,8.641,
0.47,8.741,
0.49,8.843,
0.52,8.945,
0.53,9.046,
0.53,9.148,
0.55,9.25,
0.58,9.352,
0.62,9.454,
0.65,9.555,
0.68,9.657,
0.69,9.759,
0.69,9.86,
0.68,9.961,
0.65,10.064,
0.65,10.164,
0.67,10.267,
0.67,10.369,
0.63,10.469,
0.59,10.572,
0.59,10.673,
0.6,10.774,
0.62,10.877,
0.67,10.979,
0.7,11.08,
0.72,11.182,
0.74,11.283,
0.77,11.385,
0.82,11.487,
0.87,11.588,
0.92,11.69,
0.97,11.792,
0.98,11.893,
0.9,11.995,
0.77,12.097,
0.74,12.198,
0.72,12.3,
0.67,12.402,
0.65,12.503,
0.67,12.605,
0.71,12.707,
0.74,12.808,
0.7,12.911,
0.59,13.011,
0.57,13.114,
0.6,13.215,
0.63,13.316,
0.65,13.418,
0.66,13.52,
0.67,13.621,
0.67,13.723,
0.67,13.825,
0.67,13.926,
0.66,14.028,
0.65,14.13,
0.66,14.231,
0.63,14.334,
0.56,14.435,
0.46,14.537,
0.37,14.639,
0.37,14.74,
0.38,14.842,
0.4,14.944,
0.42,15.045,
0.43,15.146,
0.44,15.249,
0.46,15.349,
0.48,15.452,
0.5,15.553,
0.52,15.654,
0.54,15.757,
0.57,15.858,
0.6,15.96,
0.62,16.062,
0.63,16.163,
0.62,16.265,
0.64,16.367,
0.68,16.468,
0.7,16.57,
0.72,16.672,
0.75,16.773,
0.8,16.875,
0.85,16.977,
0.9,17.078,
0.96,17.18,
1.01,17.282,
1.06,17.383,
1.1,17.485,
1.15,17.587,
1.2,17.688,
1.24,17.79,
1.28,17.891,
1.34,17.993,
1.4,18.095,
1.44,18.196,
1.47,18.298,
1.53,18.401,
1.56,18.501,
1.56,18.603,
1.59,18.705,
1.63,18.806,
1.68,18.908,
1.74,19.01,
1.79,19.111,
1.83,19.213,
1.89,19.315,
1.9,19.416,
1.87,19.519,
1.9,19.62,
1.94,19.721,
1.97,19.824,
2,19.925,
1.98,20.027,
1.87,20.129,
1.8,20.23,
1.85,20.331,
1.91,20.434,
1.98,20.534,
2.01,20.637,
1.96,20.738,
1.92,20.84,
1.96,20.942,
1.87,21.043,
1.54,21.145,
1.35,21.247,
1.37,21.348,
1.42,21.45,
1.45,21.552,
1.49,21.653,
1.51,21.755,
1.53,21.857,
1.51,21.958,
1.5,22.06,
1.54,22.162,
1.54,22.263,
1.52,22.365,
1.55,22.467,
1.58,22.568,
1.61,22.67,
1.67,22.772,
1.74,22.873,
1.78,22.975,
1.79,23.076,
1.75,23.178,
1.7,23.28,
1.68,23.381,
1.69,23.484,
1.72,23.585,
1.72,23.686,
1.72,23.788,
1.68,23.891,
1.64,23.991,
1.68,24.093,
1.76,24.195,
1.85,24.296,
1.88,24.399,
1.8,24.5,
1.72,24.601,
1.69,24.704,
1.72,24.805,
1.78,24.907,
1.85,25.009,
1.91,25.109,
1.97,25.212,
2.01,25.314,
2.01,25.414,
1.99,25.517,
1.98,25.619,
2,25.719,
2.08,25.822,
2.16,25.923,
2.19,26.025,
2.17,26.127,
2.18,26.228,
2.23,26.33,
2.23,26.432,
2.21,26.533,
2.25,26.635,
2.29,26.737,
2.3,26.838,
2.33,26.94,
2.4,27.042,
2.47,27.143,
2.51,27.245,
2.44,27.347,
2.43,27.448,
2.49,27.55,
2.53,27.652,
2.53,27.753,
2.47,27.855,
2.42,27.957,
2.39,28.058,
2.37,28.16,
2.38,28.261,
2.36,28.363,
2.35,28.465,
2.36,28.566,
2.28,28.669,
2.21,28.77,
2.15,28.871,
2.06,28.973,
2.07,29.075,
2.08,29.176,
2.01,29.279,
1.89,29.38,
1.81,29.481,
1.8,29.584,
1.79,29.685,
1.79,29.786,
1.81,29.889,
1.85,29.99,
1.88,30.092,
1.92,30.194,
1.92,30.295,
1.85,30.397,
1.8,30.498,
1.73,30.6,
1.63,30.702,
1.57,30.803,
1.56,30.904,
1.6,31.007,
1.66,31.108,
1.68,31.21,
1.55,31.312,
1.23,31.413,
0.91,31.515,
0.82,31.617,
0.83,31.718,
0.83,31.82,
0.79,31.922,
0.77,32.023,
0.79,32.125,
0.8,32.227,
0.79,32.328,
0.7,32.43,
0.59,32.532,
0.56,32.633,
0.57,32.735,
0.58,32.837,
0.6,32.938,
0.61,33.04,
0.58,33.141,
0.55,33.243,
0.56,33.345,
0.57,33.446,
0.55,33.548,
0.52,33.65,
0.46,33.751,
0.43,33.854,
0.43,33.955,
0.42,34.056,
0.42,34.159,
0.43,34.26,
0.4,34.361,
0.33,34.464,
0.3,34.565,
0.3,34.667,
0.3,34.769,
0.27,34.87,
0.24,34.971,
0.24,35.074,
0.24,35.175,
0.24,35.277,
0.24,35.378,
0.24,35.48,
0.23,35.582,
0.23,35.684,
0.22,35.785,
0.22,35.887,
0.23,35.988,
0.21,36.089,
0.16,36.192,
0.13,36.293,
0.12,36.395,
0.12,36.497,
0.13,36.598,
0.13,36.7,
0.13,36.802,
0.13,36.903,
0.13,37.005,
0.13,37.107,
0.12,37.208,
0.1,37.31,
0.08,37.412,
0.08,37.513,
0.08,37.615,
0.09,37.717,
0.08,37.818,
0.08,37.92,
0.09,38.022,
0.09,38.123,
0.09,38.225,
0.09,38.326,
0.09,38.428,
0.09,38.53,
0.09,38.631,
0.09,38.733,
0.1,38.835,
0.1,38.936,
0.09,39.039,
0.1,39.14,
0.1,39.241,
0.1,39.344,
0.1,39.445,
0.1,39.546,
0.1,39.649,
0.1,39.75,
0.1,39.852,
0.1,39.953,
0.1,40.054,
0.1,40.156,
0.1,40.259,
0.1,40.36,
0.1,40.462,
0.1,40.563,
0.1,40.665,
0.1,40.767,
0.1,40.869,
0.1,40.97,
0.1,41.072,
0.1,41.173,
0.1,41.275,
0.1,41.377,
0.1,41.478,
0.1,41.58,
0.1,41.682,
0.09,41.783,
0.04,41.885,
0,41.987,
0,42.088,
-0.01,42.19,
-0.01,42.292,
-0.01,42.393,
-0.01,42.495,
0,42.597,
-0.01,42.698,
-0.01,42.8,
-0.01,42.902,
-0.01,43.003,
-0.01,43.105,
0,43.206,
-0.01,43.309,
-0.01,43.41,
-0.01,43.511,
-0.01,43.613,
-0.01,43.715,
0,43.816,
-0.01,43.919,
0,44.02,
-0.01,44.121,
-0.01,44.224,
0,44.325,
-0.01,44.426,
-0.01,44.529,
0,44.63,
-0.01,44.731,
-0.01,44.834,
0,44.935,
-0.01,45.028,
-0.01,45.028,
EndData,,
EndSample,,
BeginSample,,
AverageLoad,1.06,"  ""N"""
AvgNPeaks,2.84,"  ""N"""
PeakLoad,3.14,"  ""N"""
PeelEnd,402,"  """""
PeelStart,38,"  """""
BeginData,,
_Load, SlackExt,
N," ""mm""",
0,0.001,
0,0.001,
0,0,
0.01,0,
0.01,0.001,
0.01,0.003,
0.01,0.017,
0.01,0.046,
0.01,0.086,
0.04,0.143,
0.06,0.211,
0.04,0.29,
0.03,0.381,
0.03,0.484,
0.03,0.589,
0.02,0.69,
0.01,0.792,
0.02,0.893,
0.02,0.994,
0.02,1.097,
0.02,1.198,
0.02,1.299,
0.03,1.402,
0.03,1.503,
0.03,1.605,
0.03,1.707,
0.04,1.808,
0.04,1.91,
0.05,2.012,
0.05,2.113,
0.05,2.214,
0.06,2.317,
0.07,2.417,
0.07,2.52,
0.09,2.621,
0.09,2.723,
0.11,2.825,
0.12,2.926,
0.14,3.028,
0.16,3.13,
0.19,3.231,
0.21,3.333,
0.24,3.435,
0.26,3.536,
0.28,3.638,
0.31,3.74,
0.32,3.841,
0.31,3.943,
0.32,4.045,
0.34,4.146,
0.38,4.249,
0.41,4.35,
0.43,4.451,
0.46,4.553,
0.49,4.655,
0.47,4.756,
0.44,4.858,
0.44,4.959,
0.45,5.061,
0.47,5.164,
0.49,5.264,
0.49,5.367,
0.46,5.468,
0.44,5.569,
0.45,5.671,
0.43,5.773,
0.41,5.874,
0.4,5.977,
0.4,6.078,
0.41,6.179,
0.43,6.282,
0.46,6.383,
0.49,6.484,
0.52,6.587,
0.55,6.688,
0.56,6.79,
0.56,6.892,
0.58,6.993,
0.58,7.095,
0.6,7.197,
0.63,7.298,
0.64,7.399,
0.66,7.502,
0.68,7.602,
0.7,7.705,
0.71,7.806,
0.74,7.908,
0.76,8.01,
0.74,8.111,
0.71,8.213,
0.69,8.315,
0.69,8.416,
0.7,8.518,
0.7,8.62,
0.71,8.721,
0.74,8.823,
0.77,8.925,
0.76,9.026,
0.69,9.128,
0.62,9.23,
0.59,9.331,
0.62,9.433,
0.66,9.535,
0.69,9.636,
0.71,9.738,
0.67,9.84,
0.66,9.941,
0.69,10.043,
0.73,10.144,
0.76,10.246,
0.79,10.348,
0.82,10.449,
0.83,10.552,
0.83,10.653,
0.84,10.754,
0.88,10.856,
0.9,10.958,
0.93,11.059,
0.97,11.162,
1,11.263,
1.04,11.364,
1.05,11.466,
1.06,11.568,
1.07,11.669,
1.08,11.772,
1.11,11.873,
1.14,11.975,
1.2,12.077,
1.25,12.178,
1.31,12.28,
1.35,12.382,
1.36,12.483,
1.36,12.585,
1.35,12.686,
1.29,12.787,
1.15,12.89,
1.02,12.991,
1.02,13.093,
1.04,13.195,
1.06,13.296,
1.07,13.398,
1.08,13.5,
1.1,13.601,
1.1,13.703,
1.09,13.805,
1.11,13.906,
1.17,14.008,
1.22,14.11,
1.27,14.211,
1.32,14.313,
1.34,14.415,
1.32,14.516,
1.36,14.618,
1.42,14.719,
1.46,14.821,
1.5,14.923,
1.55,15.025,
1.61,15.126,
1.67,15.229,
1.7,15.329,
1.68,15.431,
1.64,15.533,
1.66,15.634,
1.73,15.737,
1.8,15.838,
1.83,15.939,
1.85,16.042,
1.89,16.143,
1.87,16.244,
1.7,16.347,
1.38,16.448,
1.14,16.55,
1.12,16.652,
1.15,16.753,
1.18,16.854,
1.21,16.957,
1.23,17.058,
1.19,17.16,
1.16,17.262,
1.2,17.363,
1.26,17.465,
1.32,17.566,
1.37,17.668,
1.42,17.77,
1.47,17.871,
1.51,17.972,
1.58,18.075,
1.64,18.176,
1.7,18.278,
1.75,18.38,
1.63,18.481,
1.46,18.583,
1.42,18.685,
1.39,18.786,
1.42,18.888,
1.48,18.99,
1.56,19.091,
1.6,19.193,
1.57,19.295,
1.55,19.396,
1.59,19.498,
1.64,19.6,
1.66,19.701,
1.65,19.803,
1.66,19.904,
1.71,20.007,
1.77,20.108,
1.78,20.21,
1.71,20.311,
1.67,20.414,
1.65,20.514,
1.6,20.616,
1.55,20.718,
1.5,20.819,
1.48,20.922,
1.48,21.023,
1.44,21.124,
1.36,21.227,
1.36,21.328,
1.39,21.429,
1.32,21.532,
1.25,21.633,
1.29,21.734,
1.36,21.837,
1.41,21.938,
1.41,22.039,
1.31,22.142,
1.27,22.243,
1.33,22.345,
1.38,22.447,
1.41,22.548,
1.47,22.65,
1.54,22.751,
1.61,22.852,
1.68,22.955,
1.74,23.056,
1.79,23.157,
1.8,23.26,
1.8,23.361,
1.81,23.463,
1.85,23.565,
1.89,23.666,
1.86,23.768,
1.82,23.87,
1.8,23.971,
1.81,24.073,
1.84,24.175,
1.85,24.276,
1.88,24.378,
1.94,24.48,
1.96,24.581,
1.96,24.683,
1.94,24.785,
1.9,24.886,
1.92,24.988,
2,25.089,
2.07,25.192,
2.12,25.293,
2.08,25.395,
2.03,25.496,
2.03,25.598,
2.06,25.699,
2.06,25.801,
2.08,25.903,
2.15,26.004,
2.22,26.107,
2.26,26.208,
2.19,26.309,
2.15,26.412,
2.17,26.513,
2.23,26.614,
2.3,26.717,
2.38,26.818,
2.46,26.919,
2.56,27.022,
2.6,27.123,
2.56,27.224,
2.51,27.327,
2.53,27.428,
2.59,27.53,
2.59,27.632,
2.55,27.733,
2.55,27.835,
2.62,27.936,
2.71,28.037,
2.8,28.14,
2.84,28.241,
2.86,28.343,
2.91,28.445,
2.99,28.546,
3.04,28.648,
3.05,28.75,
3.03,28.851,
2.99,28.953,
3.03,29.055,
3.1,29.156,
3.14,29.258,
3.11,29.36,
2.97,29.461,
2.81,29.563,
2.67,29.665,
2.63,29.766,
2.63,29.868,
2.64,29.97,
2.63,30.071,
2.59,30.173,
2.54,30.274,
2.53,30.377,
2.55,30.478,
2.56,30.579,
2.53,30.681,
2.5,30.783,
2.45,30.884,
2.35,30.986,
2.22,31.088,
2,31.189,
1.71,31.292,
1.53,31.393,
1.46,31.494,
1.46,31.597,
1.48,31.698,
1.48,31.799,
1.47,31.902,
1.47,32.003,
1.49,32.104,
1.53,32.207,
1.49,32.308,
1.39,32.41,
1.34,32.512,
1.33,32.613,
1.3,32.715,
1.23,32.816,
1.13,32.918,
1.06,33.02,
1.04,33.121,
1.02,33.223,
1,33.325,
0.94,33.426,
0.85,33.527,
0.83,33.63,
0.85,33.731,
0.85,33.833,
0.81,33.935,
0.78,34.036,
0.79,34.138,
0.81,34.24,
0.82,34.341,
0.83,34.443,
0.85,34.545,
0.86,34.646,
0.87,34.748,
0.89,34.85,
0.89,34.951,
0.86,35.053,
0.84,35.155,
0.81,35.256,
0.79,35.358,
0.8,35.459,
0.8,35.562,
0.77,35.663,
0.7,35.764,
0.67,35.866,
0.68,35.968,
0.69,36.069,
0.7,36.172,
0.71,36.273,
0.64,36.374,
0.55,36.477,
0.5,36.578,
0.47,36.679,
0.48,36.782,
0.49,36.883,
0.49,36.984,
0.5,37.087,
0.51,37.188,
0.52,37.29,
0.52,37.392,
0.52,37.492,
0.47,37.595,
0.38,37.697,
0.34,37.798,
0.34,37.9,
0.34,38.001,
0.33,38.103,
0.33,38.205,
0.34,38.306,
0.34,38.407,
0.34,38.51,
0.35,38.611,
0.34,38.713,
0.35,38.815,
0.36,38.916,
0.36,39.018,
0.36,39.12,
0.36,39.221,
0.36,39.323,
0.36,39.425,
0.35,39.526,
0.35,39.628,
0.36,39.73,
0.36,39.831,
0.36,39.933,
0.37,40.034,
0.37,40.136,
0.34,40.239,
0.26,40.339,
0.19,40.441,
0.18,40.543,
0.19,40.644,
0.19,40.747,
0.19,40.848,
0.19,40.949,
0.19,41.051,
0.19,41.153,
0.19,41.254,
0.19,41.357,
0.19,41.458,
0.19,41.56,
0.19,41.662,
0.19,41.763,
0.19,41.864,
0.2,41.967,
0.2,42.068,
0.2,42.169,
0.2,42.272,
0.2,42.372,
0.2,42.475,
0.2,42.577,
0.2,42.677,
0.2,42.78,
0.2,42.882,
0.2,42.983,
0.2,43.085,
0.2,43.186,
0.2,43.288,
0.2,43.39,
0.2,43.491,
0.19,43.592,
0.19,43.695,
0.19,43.796,
0.19,43.898,
0.2,44,
0.2,44.101,
0.2,44.203,
0.2,44.305,
0.2,44.406,
0.2,44.508,
0.2,44.61,
0.18,44.711,
0.13,44.813,
0.11,44.915,
0.1,45.016,
0.1,45.016,
EndData,,
EndSample,,
BeginSample,,
AverageLoad,0.94,"  ""N"""
AvgNPeaks,2.83,"  ""N"""
PeakLoad,2.98,"  ""N"""
PeelEnd,401,"  """""
PeelStart,37,"  """""
BeginData,,
_Load, SlackExt,
N," ""mm""",
0,0.001,
0,0.001,
0,0.001,
0,0,
0,0,
0,0.005,
0,0.026,
0,0.058,
0.01,0.105,
0.05,0.166,
0.05,0.237,
0.02,0.32,
0.02,0.416,
0.03,0.521,
0.02,0.624,
0.01,0.725,
0,0.827,
0.01,0.928,
0.01,1.03,
0.01,1.132,
0.01,1.233,
0.01,1.335,
0.02,1.438,
0.02,1.538,
0.02,1.641,
0.02,1.742,
0.02,1.843,
0.02,1.945,
0.03,2.047,
0.03,2.148,
0.03,2.251,
0.04,2.352,
0.04,2.453,
0.04,2.556,
0.05,2.657,
0.05,2.759,
0.06,2.861,
0.06,2.962,
0.07,3.063,
0.07,3.166,
0.09,3.267,
0.09,3.369,
0.11,3.471,
0.13,3.571,
0.14,3.674,
0.17,3.775,
0.18,3.876,
0.18,3.979,
0.2,4.08,
0.21,4.182,
0.18,4.284,
0.17,4.385,
0.18,4.488,
0.21,4.589,
0.23,4.69,
0.23,4.792,
0.21,4.894,
0.18,4.995,
0.19,5.097,
0.21,5.199,
0.21,5.3,
0.22,5.402,
0.24,5.504,
0.25,5.605,
0.27,5.708,
0.28,5.809,
0.27,5.91,
0.23,6.012,
0.22,6.114,
0.23,6.215,
0.26,6.317,
0.28,6.418,
0.3,6.52,
0.32,6.622,
0.32,6.723,
0.29,6.825,
0.29,6.927,
0.3,7.028,
0.31,7.13,
0.33,7.232,
0.36,7.333,
0.39,7.436,
0.42,7.537,
0.45,7.638,
0.45,7.74,
0.43,7.842,
0.41,7.944,
0.43,8.046,
0.43,8.146,
0.42,8.248,
0.41,8.35,
0.39,8.451,
0.38,8.554,
0.4,8.656,
0.42,8.756,
0.43,8.859,
0.42,8.96,
0.38,9.061,
0.4,9.164,
0.43,9.265,
0.44,9.367,
0.46,9.469,
0.43,9.57,
0.38,9.672,
0.38,9.774,
0.38,9.875,
0.39,9.977,
0.41,10.079,
0.41,10.179,
0.39,10.282,
0.36,10.383,
0.35,10.485,
0.35,10.587,
0.36,10.689,
0.35,10.79,
0.35,10.892,
0.37,10.993,
0.39,11.095,
0.42,11.197,
0.45,11.298,
0.48,11.4,
0.5,11.502,
0.51,11.603,
0.5,11.705,
0.51,11.808,
0.55,11.908,
0.58,12.011,
0.62,12.112,
0.64,12.213,
0.67,12.316,
0.71,12.417,
0.74,12.518,
0.74,12.621,
0.72,12.721,
0.71,12.823,
0.75,12.926,
0.79,13.027,
0.79,13.129,
0.77,13.231,
0.78,13.331,
0.8,13.434,
0.83,13.536,
0.84,13.636,
0.87,13.739,
0.88,13.84,
0.8,13.942,
0.7,14.044,
0.7,14.145,
0.73,14.246,
0.77,14.349,
0.79,14.45,
0.77,14.552,
0.76,14.654,
0.76,14.755,
0.79,14.857,
0.83,14.959,
0.87,15.06,
0.9,15.162,
0.93,15.264,
0.94,15.364,
0.95,15.467,
0.98,15.568,
1.02,15.67,
1.06,15.772,
1.11,15.873,
1.16,15.975,
1.21,16.077,
1.25,16.178,
1.28,16.28,
1.31,16.383,
1.36,16.483,
1.42,16.585,
1.48,16.687,
1.53,16.788,
1.5,16.891,
1.34,16.992,
1.18,17.093,
1.14,17.195,
1.18,17.297,
1.2,17.399,
1.23,17.501,
1.27,17.602,
1.32,17.703,
1.37,17.806,
1.43,17.906,
1.47,18.008,
1.48,18.111,
1.44,18.211,
1.4,18.314,
1.39,18.415,
1.38,18.517,
1.41,18.619,
1.37,18.721,
1.31,18.821,
1.31,18.924,
1.31,19.025,
1.3,19.127,
1.26,19.229,
1.25,19.33,
1.25,19.431,
1.25,19.534,
1.26,19.635,
1.16,19.737,
1.01,19.839,
1,19.94,
1.06,20.042,
1.09,20.144,
1.13,20.245,
1.14,20.347,
1.12,20.449,
1.17,20.549,
1.23,20.652,
1.28,20.754,
1.32,20.855,
1.38,20.957,
1.44,21.058,
1.49,21.16,
1.52,21.262,
1.58,21.363,
1.64,21.465,
1.67,21.567,
1.63,21.668,
1.43,21.77,
1.23,21.872,
1.23,21.973,
1.31,22.075,
1.37,22.177,
1.39,22.278,
1.39,22.38,
1.43,22.482,
1.49,22.584,
1.57,22.685,
1.64,22.787,
1.71,22.888,
1.78,22.99,
1.81,23.091,
1.84,23.193,
1.89,23.295,
1.95,23.396,
2.03,23.499,
2.11,23.601,
2.16,23.701,
2.23,23.804,
2.31,23.905,
2.38,24.006,
2.45,24.109,
2.51,24.21,
2.56,24.312,
2.55,24.414,
2.54,24.515,
2.6,24.616,
2.69,24.719,
2.77,24.82,
2.84,24.922,
2.85,25.024,
2.79,25.125,
2.66,25.227,
2.53,25.329,
2.52,25.43,
2.59,25.532,
2.65,25.633,
2.6,25.735,
2.53,25.837,
2.56,25.938,
2.65,26.04,
2.7,26.142,
2.73,26.243,
2.76,26.345,
2.67,26.448,
2.54,26.548,
2.59,26.65,
2.67,26.752,
2.67,26.853,
2.7,26.955,
2.72,27.057,
2.65,27.158,
2.57,27.261,
2.49,27.362,
2.42,27.463,
2.39,27.566,
2.39,27.667,
2.35,27.769,
2.35,27.87,
2.41,27.971,
2.45,28.073,
2.45,28.176,
2.46,28.276,
2.47,28.378,
2.51,28.48,
2.58,28.581,
2.62,28.684,
2.68,28.786,
2.69,28.886,
2.69,28.989,
2.71,29.09,
2.73,29.192,
2.78,29.294,
2.83,29.395,
2.89,29.497,
2.93,29.599,
2.98,29.7,
2.95,29.801,
2.84,29.904,
2.67,30.005,
2.57,30.107,
2.59,30.209,
2.63,30.31,
2.68,30.412,
2.68,30.514,
2.58,30.615,
2.5,30.717,
2.5,30.818,
2.45,30.92,
2.45,31.022,
2.51,31.123,
2.52,31.226,
2.45,31.327,
2.41,31.428,
2.4,31.53,
2.24,31.633,
1.93,31.733,
1.67,31.835,
1.54,31.937,
1.52,32.038,
1.52,32.14,
1.49,32.242,
1.41,32.343,
1.31,32.445,
1.07,32.547,
0.94,32.648,
0.98,32.751,
1.01,32.852,
1.03,32.954,
1.07,33.055,
1.1,33.157,
1.09,33.258,
1.01,33.36,
0.96,33.461,
0.95,33.563,
0.9,33.665,
0.81,33.767,
0.77,33.869,
0.78,33.97,
0.8,34.071,
0.81,34.174,
0.81,34.275,
0.78,34.377,
0.76,34.479,
0.64,34.58,
0.54,34.682,
0.54,34.784,
0.53,34.885,
0.52,34.987,
0.53,35.089,
0.54,35.19,
0.54,35.292,
0.55,35.394,
0.53,35.495,
0.52,35.597,
0.52,35.698,
0.52,35.8,
0.51,35.902,
0.51,36.003,
0.52,36.105,
0.52,36.207,
0.53,36.308,
0.52,36.41,
0.49,36.512,
0.44,36.613,
0.4,36.715,
0.39,36.817,
0.39,36.918,
0.39,37.02,
0.4,37.122,
0.4,37.223,
0.39,37.325,
0.35,37.427,
0.29,37.528,
0.24,37.631,
0.21,37.732,
0.2,37.833,
0.21,37.936,
0.21,38.037,
0.21,38.138,
0.21,38.24,
0.22,38.342,
0.22,38.443,
0.22,38.546,
0.23,38.646,
0.23,38.748,
0.24,38.85,
0.24,38.952,
0.24,39.054,
0.25,39.155,
0.25,39.256,
0.26,39.359,
0.26,39.46,
0.26,39.561,
0.27,39.664,
0.27,39.765,
0.25,39.867,
0.2,39.969,
0.19,40.07,
0.17,40.171,
0.12,40.274,
0.09,40.374,
0.08,40.477,
0.08,40.579,
0.08,40.68,
0.09,40.782,
0.09,40.883,
0.09,40.985,
0.09,41.087,
0.09,41.188,
0.09,41.29,
0.09,41.392,
0.09,41.493,
0.09,41.595,
0.09,41.697,
0.09,41.798,
0.09,41.9,
0.09,42.002,
0.09,42.103,
0.09,42.206,
0.06,42.307,
0.03,42.408,
0.02,42.51,
0.02,42.612,
0.02,42.713,
0.02,42.816,
0.02,42.917,
0.02,43.018,
0.02,43.121,
0.03,43.221,
0.03,43.324,
0.03,43.425,
0.03,43.526,
0.03,43.628,
0.03,43.73,
0.03,43.831,
0.02,43.934,
0.01,44.035,
0,44.136,
0,44.239,
0,44.34,
-0.01,44.441,
0,44.544,
0,44.645,
-0.01,44.746,
0,44.849,
0,44.95,
-0.01,45.035,
-0.01,45.035,
EndData,,
EndSample,,
BeginSample,,
AverageLoad,1.17,"  ""N"""
AvgNPeaks,3.04,"  ""N"""
PeakLoad,3.1,"  ""N"""
PeelEnd,402,"  """""
PeelStart,38,"  """""
BeginData,,
_Load, SlackExt,
N," ""mm""",
0,0.001,
0,0,
0,0,
0,0.001,
0,0.001,
0,0.001,
0,0.006,
0,0.029,
0,0.062,
0.02,0.11,
0.06,0.172,
0.05,0.245,
0.03,0.329,
0.03,0.427,
0.04,0.532,
0.03,0.634,
0.02,0.735,
0.02,0.837,
0.03,0.939,
0.03,1.04,
0.03,1.143,
0.04,1.243,
0.05,1.345,
0.06,1.448,
0.07,1.548,
0.08,1.651,
0.09,1.753,
0.11,1.853,
0.12,1.955,
0.15,2.057,
0.17,2.158,
0.2,2.261,
0.22,2.362,
0.25,2.463,
0.27,2.566,
0.3,2.667,
0.32,2.769,
0.35,2.871,
0.39,2.972,
0.42,3.074,
0.46,3.176,
0.48,3.276,
0.49,3.379,
0.5,3.481,
0.53,3.582,
0.55,3.684,
0.58,3.785,
0.59,3.886,
0.56,3.989,
0.53,4.09,
0.55,4.192,
0.6,4.295,
0.62,4.395,
0.59,4.497,
0.58,4.599,
0.59,4.7,
0.61,4.802,
0.65,4.904,
0.69,5.005,
0.71,5.107,
0.72,5.209,
0.72,5.31,
0.75,5.413,
0.79,5.514,
0.82,5.615,
0.84,5.718,
0.83,5.819,
0.81,5.92,
0.79,6.023,
0.81,6.124,
0.84,6.225,
0.89,6.327,
0.9,6.428,
0.8,6.53,
0.7,6.633,
0.71,6.733,
0.75,6.836,
0.79,6.937,
0.8,7.039,
0.77,7.141,
0.75,7.242,
0.76,7.343,
0.77,7.446,
0.79,7.547,
0.8,7.649,
0.74,7.751,
0.66,7.852,
0.64,7.954,
0.61,8.056,
0.61,8.157,
0.64,8.259,
0.67,8.361,
0.7,8.461,
0.73,8.564,
0.78,8.666,
0.83,8.767,
0.86,8.869,
0.9,8.97,
0.92,9.071,
0.96,9.174,
0.98,9.275,
0.99,9.377,
1.03,9.479,
1.07,9.58,
1.11,9.682,
1.14,9.784,
1.17,9.885,
1.19,9.987,
1.23,10.089,
1.25,10.189,
1.27,10.292,
1.3,10.393,
1.3,10.495,
1.32,10.598,
1.36,10.699,
1.39,10.8,
1.41,10.903,
1.39,11.004,
1.38,11.105,
1.35,11.208,
1.28,11.308,
1.24,11.41,
1.25,11.512,
1.29,11.613,
1.34,11.716,
1.37,11.818,
1.27,11.918,
1.17,12.021,
1.18,12.122,
1.18,12.224,
1.17,12.326,
1.2,12.427,
1.26,12.528,
1.25,12.631,
1.16,12.732,
1.05,12.833,
1.03,12.936,
1.07,13.036,
1.13,13.139,
1.19,13.241,
1.25,13.342,
1.3,13.444,
1.35,13.546,
1.39,13.646,
1.44,13.749,
1.49,13.851,
1.51,13.952,
1.51,14.054,
1.39,14.155,
1.27,14.256,
1.3,14.359,
1.36,14.46,
1.38,14.562,
1.4,14.664,
1.44,14.765,
1.47,14.867,
1.5,14.969,
1.54,15.07,
1.61,15.172,
1.7,15.274,
1.79,15.375,
1.88,15.477,
1.94,15.579,
1.98,15.68,
2.04,15.783,
2.11,15.884,
2.14,15.985,
2.17,16.088,
2.17,16.188,
2.13,16.29,
2.13,16.393,
2.16,16.493,
2.06,16.595,
1.83,16.698,
1.71,16.798,
1.7,16.901,
1.71,17.002,
1.78,17.103,
1.83,17.206,
1.78,17.307,
1.73,17.409,
1.78,17.511,
1.85,17.612,
1.92,17.713,
1.97,17.816,
1.97,17.917,
2,18.019,
2.07,18.121,
2.15,18.221,
2.19,18.324,
2.15,18.426,
2.15,18.527,
2.21,18.629,
2.27,18.731,
2.35,18.832,
2.42,18.934,
2.45,19.035,
2.4,19.137,
2.3,19.239,
2.23,19.34,
2.17,19.442,
2.1,19.545,
2.06,19.645,
2.09,19.747,
2.12,19.849,
2.13,19.95,
2.16,20.053,
2.23,20.154,
2.28,20.255,
2.07,20.357,
1.86,20.459,
1.86,20.56,
1.91,20.663,
2,20.763,
2.08,20.866,
2.14,20.967,
2.19,21.068,
2.26,21.17,
2.35,21.273,
2.42,21.373,
2.48,21.475,
2.55,21.577,
2.63,21.678,
2.67,21.78,
2.72,21.882,
2.81,21.983,
2.9,22.086,
2.9,22.187,
2.8,22.289,
2.73,22.391,
2.66,22.492,
2.56,22.594,
2.58,22.696,
2.67,22.797,
2.65,22.898,
2.59,23.001,
2.65,23.101,
2.74,23.204,
2.77,23.305,
2.76,23.407,
2.72,23.509,
2.65,23.611,
2.59,23.711,
2.56,23.814,
2.53,23.915,
2.54,24.017,
2.57,24.119,
2.56,24.22,
2.55,24.322,
2.53,24.424,
2.49,24.525,
2.5,24.627,
2.52,24.73,
2.52,24.83,
2.49,24.932,
2.52,25.034,
2.62,25.135,
2.73,25.238,
2.83,25.339,
2.9,25.44,
2.96,25.542,
2.99,25.644,
3.02,25.745,
3.05,25.848,
2.93,25.948,
2.8,26.051,
2.72,26.152,
2.68,26.254,
2.71,26.355,
2.78,26.458,
2.76,26.558,
2.66,26.66,
2.62,26.762,
2.62,26.863,
2.65,26.965,
2.74,27.067,
2.77,27.168,
2.72,27.271,
2.76,27.372,
2.87,27.474,
2.97,27.576,
3.05,27.677,
3.1,27.779,
3.08,27.881,
3.07,27.982,
3.06,28.083,
3.03,28.186,
3.02,28.286,
3.03,28.389,
3.1,28.491,
3.1,28.592,
2.93,28.694,
2.72,28.795,
2.62,28.896,
2.55,28.999,
2.46,29.101,
2.38,29.202,
2.38,29.304,
2.39,29.405,
2.27,29.507,
2.17,29.609,
2.18,29.71,
2.1,29.812,
1.87,29.914,
1.73,30.015,
1.72,30.117,
1.72,30.219,
1.67,30.32,
1.63,30.422,
1.59,30.524,
1.48,30.625,
1.28,30.727,
1.18,30.828,
1.18,30.93,
1.17,31.032,
1.12,31.133,
0.87,31.236,
0.65,31.338,
0.59,31.438,
0.56,31.54,
0.56,31.643,
0.57,31.743,
0.58,31.846,
0.6,31.948,
0.61,32.048,
0.61,32.15,
0.63,32.252,
0.61,32.353,
0.57,32.456,
0.56,32.557,
0.55,32.659,
0.49,32.761,
0.43,32.862,
0.4,32.964,
0.41,33.066,
0.42,33.167,
0.43,33.269,
0.44,33.371,
0.45,33.471,
0.43,33.574,
0.35,33.676,
0.29,33.777,
0.28,33.879,
0.3,33.98,
0.31,34.082,
0.32,34.184,
0.33,34.285,
0.34,34.387,
0.34,34.489,
0.34,34.59,
0.35,34.692,
0.36,34.794,
0.37,34.895,
0.37,34.997,
0.37,35.099,
0.35,35.2,
0.33,35.303,
0.34,35.404,
0.34,35.505,
0.34,35.607,
0.34,35.709,
0.35,35.81,
0.35,35.913,
0.32,36.014,
0.27,36.115,
0.26,36.217,
0.26,36.318,
0.26,36.421,
0.26,36.523,
0.27,36.623,
0.27,36.725,
0.27,36.827,
0.25,36.928,
0.2,37.031,
0.18,37.132,
0.18,37.233,
0.18,37.336,
0.18,37.437,
0.18,37.538,
0.18,37.641,
0.18,37.742,
0.18,37.843,
0.18,37.946,
0.19,38.047,
0.18,38.149,
0.19,38.251,
0.19,38.352,
0.19,38.454,
0.19,38.555,
0.19,38.657,
0.19,38.759,
0.19,38.86,
0.19,38.962,
0.19,39.064,
0.19,39.165,
0.19,39.267,
0.19,39.369,
0.2,39.47,
0.2,39.572,
0.2,39.674,
0.2,39.775,
0.2,39.877,
0.2,39.979,
0.2,40.08,
0.2,40.182,
0.2,40.284,
0.2,40.385,
0.2,40.488,
0.21,40.589,
0.21,40.69,
0.21,40.792,
0.21,40.894,
0.21,40.995,
0.21,41.098,
0.21,41.198,
0.21,41.3,
0.21,41.402,
0.21,41.503,
0.21,41.606,
0.21,41.708,
0.21,41.808,
0.21,41.91,
0.22,42.012,
0.21,42.113,
0.21,42.216,
0.22,42.317,
0.22,42.418,
0.22,42.521,
0.22,42.622,
0.22,42.723,
0.22,42.826,
0.22,42.927,
0.22,43.029,
0.22,43.131,
0.22,43.232,
0.22,43.334,
0.23,43.436,
0.23,43.536,
0.23,43.639,
0.23,43.741,
0.23,43.841,
0.17,43.944,
0.06,44.045,
0,44.147,
0,44.249,
0,44.35,
-0.01,44.452,
0,44.554,
0,44.655,
-0.01,44.757,
0,44.859,
0,44.96,
-0.01,45.038,
-0.01,45.038,
EndData,,
EndSample,,
BeginSample,,
AverageLoad,1.04,"  ""N"""
AvgNPeaks,2.46,"  ""N"""
PeakLoad,2.67,"  ""N"""
PeelEnd,402,"  """""
PeelStart,38,"  """""
BeginData,,
_Load, SlackExt,
N," ""mm""",
0.01,0.001,
0.01,0.001,
0.01,0.001,
0.01,0.001,
0.01,0.001,
0.01,0.001,
0.01,0.007,
0.01,0.032,
0.01,0.066,
0.03,0.116,
0.07,0.179,
0.06,0.252,
0.04,0.338,
0.04,0.437,
0.05,0.542,
0.05,0.644,
0.04,0.745,
0.05,0.848,
0.06,0.949,
0.07,1.05,
0.09,1.153,
0.1,1.254,
0.1,1.356,
0.11,1.458,
0.13,1.559,
0.14,1.661,
0.16,1.762,
0.18,1.864,
0.2,1.966,
0.22,2.067,
0.22,2.168,
0.22,2.271,
0.23,2.372,
0.24,2.474,
0.25,2.576,
0.27,2.677,
0.28,2.779,
0.3,2.881,
0.31,2.982,
0.31,3.084,
0.33,3.186,
0.36,3.286,
0.39,3.389,
0.41,3.491,
0.44,3.592,
0.46,3.694,
0.47,3.795,
0.48,3.896,
0.48,4,
0.44,4.101,
0.45,4.202,
0.47,4.304,
0.49,4.405,
0.53,4.508,
0.54,4.609,
0.52,4.71,
0.51,4.812,
0.55,4.914,
0.58,5.015,
0.55,5.117,
0.52,5.219,
0.53,5.321,
0.55,5.423,
0.56,5.524,
0.56,5.625,
0.57,5.728,
0.58,5.829,
0.56,5.93,
0.55,6.033,
0.58,6.133,
0.6,6.235,
0.63,6.338,
0.64,6.438,
0.6,6.541,
0.59,6.643,
0.57,6.743,
0.54,6.846,
0.51,6.947,
0.51,7.049,
0.54,7.151,
0.56,7.252,
0.57,7.353,
0.56,7.456,
0.57,7.557,
0.6,7.659,
0.63,7.761,
0.66,7.862,
0.68,7.964,
0.7,8.066,
0.71,8.167,
0.72,8.269,
0.73,8.371,
0.71,8.472,
0.68,8.574,
0.68,8.676,
0.72,8.777,
0.75,8.879,
0.77,8.98,
0.75,9.082,
0.75,9.185,
0.77,9.285,
0.81,9.387,
0.86,9.489,
0.86,9.59,
0.86,9.693,
0.88,9.794,
0.89,9.895,
0.89,9.997,
0.9,10.099,
0.95,10.2,
1.01,10.303,
1.06,10.404,
1.06,10.506,
1.06,10.608,
1.06,10.709,
0.98,10.81,
0.86,10.913,
0.86,11.014,
0.9,11.115,
0.94,11.218,
0.97,11.318,
1,11.42,
1,11.523,
0.99,11.623,
0.99,11.726,
1.03,11.827,
1.1,11.929,
1.15,12.031,
1.17,12.132,
1.17,12.234,
1.19,12.336,
1.23,12.437,
1.22,12.539,
1.18,12.641,
1.16,12.742,
1.1,12.844,
1.06,12.946,
1.08,13.047,
1.13,13.149,
1.19,13.251,
1.24,13.352,
1.26,13.454,
1.24,13.556,
1.15,13.657,
1.07,13.759,
1.09,13.861,
1.15,13.962,
1.22,14.064,
1.29,14.165,
1.34,14.267,
1.4,14.37,
1.47,14.47,
1.53,14.572,
1.61,14.674,
1.68,14.775,
1.73,14.878,
1.79,14.979,
1.84,15.08,
1.82,15.183,
1.83,15.284,
1.87,15.385,
1.94,15.488,
2.02,15.588,
2.08,15.691,
2.1,15.793,
2.12,15.894,
2.1,15.995,
2.03,16.098,
1.99,16.198,
1.92,16.3,
1.78,16.403,
1.71,16.503,
1.65,16.606,
1.58,16.708,
1.49,16.808,
1.4,16.911,
1.39,17.012,
1.43,17.114,
1.44,17.216,
1.39,17.317,
1.34,17.419,
1.33,17.521,
1.33,17.622,
1.28,17.724,
1.29,17.826,
1.35,17.926,
1.36,18.029,
1.38,18.131,
1.42,18.232,
1.38,18.334,
1.18,18.436,
1.05,18.537,
1.08,18.639,
1.12,18.741,
1.13,18.842,
1.15,18.944,
1.2,19.045,
1.23,19.147,
1.27,19.249,
1.29,19.35,
1.29,19.452,
1.28,19.555,
1.29,19.655,
1.31,19.757,
1.33,19.859,
1.37,19.96,
1.4,20.062,
1.41,20.164,
1.43,20.265,
1.47,20.367,
1.5,20.469,
1.47,20.57,
1.46,20.673,
1.47,20.773,
1.44,20.876,
1.44,20.977,
1.48,21.079,
1.52,21.18,
1.42,21.283,
1.14,21.383,
0.97,21.485,
0.98,21.588,
1.02,21.688,
1.08,21.791,
1.1,21.892,
1.1,21.993,
1.13,22.096,
1.19,22.197,
1.26,22.299,
1.35,22.401,
1.43,22.502,
1.49,22.604,
1.55,22.706,
1.63,22.807,
1.7,22.909,
1.76,23.011,
1.83,23.111,
1.88,23.214,
1.92,23.316,
1.93,23.417,
1.97,23.519,
2.03,23.62,
2.09,23.722,
2.11,23.824,
2.09,23.926,
2.03,24.027,
1.96,24.129,
1.87,24.23,
1.87,24.332,
1.96,24.434,
2.03,24.535,
2.05,24.637,
2.06,24.74,
2.11,24.84,
2.14,24.943,
2.14,25.044,
2.14,25.145,
2.15,25.248,
2.1,25.349,
2.07,25.45,
2.1,25.553,
2.14,25.654,
2.17,25.755,
2.25,25.858,
2.34,25.958,
2.41,26.061,
2.46,26.163,
2.51,26.263,
2.56,26.365,
2.56,26.468,
2.54,26.569,
2.57,26.671,
2.6,26.773,
2.58,26.873,
2.61,26.976,
2.67,27.077,
2.66,27.179,
2.52,27.281,
2.3,27.382,
2.24,27.484,
2.3,27.586,
2.39,27.687,
2.46,27.789,
2.5,27.891,
2.42,27.992,
2.3,28.094,
2.31,28.196,
2.37,28.297,
2.4,28.399,
2.37,28.501,
2.39,28.602,
2.42,28.704,
2.39,28.805,
2.25,28.907,
2.12,29.009,
2.1,29.11,
2.16,29.212,
2.23,29.314,
2.26,29.415,
2.25,29.517,
2.24,29.619,
2.21,29.72,
2.22,29.822,
2.24,29.925,
2.1,30.025,
1.88,30.127,
1.76,30.229,
1.65,30.33,
1.61,30.432,
1.63,30.534,
1.65,30.635,
1.68,30.738,
1.72,30.838,
1.76,30.94,
1.8,31.043,
1.78,31.143,
1.61,31.246,
1.48,31.348,
1.5,31.448,
1.54,31.551,
1.58,31.653,
1.56,31.753,
1.51,31.856,
1.47,31.957,
1.32,32.058,
1.08,32.161,
1.01,32.262,
1.03,32.363,
1.06,32.466,
1.09,32.567,
1.11,32.669,
1.12,32.771,
1.09,32.872,
1.05,32.974,
1.06,33.076,
1.06,33.177,
1.07,33.279,
1.08,33.381,
1.1,33.482,
1.11,33.584,
1.12,33.685,
1.1,33.787,
1.06,33.889,
1.06,33.99,
1.09,34.092,
1.1,34.195,
1.11,34.295,
1.13,34.397,
1.15,34.499,
1.17,34.6,
1.18,34.702,
1.19,34.804,
1.2,34.905,
1.22,35.007,
1.23,35.109,
1.25,35.21,
1.26,35.312,
1.28,35.414,
1.29,35.515,
1.3,35.617,
1.27,35.719,
1.23,35.82,
1.1,35.923,
0.86,36.023,
0.71,36.125,
0.62,36.228,
0.56,36.328,
0.56,36.431,
0.57,36.533,
0.57,36.633,
0.58,36.735,
0.57,36.838,
0.56,36.938,
0.56,37.041,
0.56,37.142,
0.56,37.243,
0.57,37.346,
0.56,37.447,
0.54,37.548,
0.54,37.651,
0.54,37.752,
0.45,37.854,
0.33,37.956,
0.28,38.057,
0.28,38.159,
0.29,38.261,
0.29,38.362,
0.29,38.464,
0.29,38.566,
0.25,38.667,
0.2,38.769,
0.19,38.87,
0.19,38.972,
0.19,39.074,
0.19,39.175,
0.19,39.277,
0.19,39.379,
0.2,39.48,
0.19,39.582,
0.2,39.685,
0.2,39.785,
0.2,39.887,
0.2,39.989,
0.19,40.09,
0.19,40.192,
0.19,40.294,
0.19,40.395,
0.19,40.498,
0.2,40.599,
0.2,40.701,
0.2,40.802,
0.2,40.904,
0.17,41.005,
0.13,41.108,
0.12,41.208,
0.12,41.311,
0.12,41.413,
0.12,41.513,
0.12,41.616,
0.12,41.717,
0.12,41.819,
0.12,41.921,
0.12,42.023,
0.12,42.123,
0.12,42.226,
0.13,42.327,
0.12,42.429,
0.13,42.531,
0.13,42.632,
0.13,42.733,
0.13,42.836,
0.13,42.937,
0.13,43.039,
0.13,43.141,
0.13,43.242,
0.13,43.344,
0.13,43.445,
0.13,43.547,
0.13,43.649,
0.13,43.75,
0.13,43.852,
0.13,43.954,
0.13,44.055,
0.13,44.158,
0.13,44.259,
0.13,44.36,
0.13,44.462,
0.14,44.564,
0.14,44.665,
0.13,44.767,
0.14,44.87,
0.14,44.97,
0.13,45.04,
0.13,45.04,
EndData,,
EndSample,,
BeginSample,,
AverageLoad,1.19,"  ""N"""
AvgNPeaks,3.22,"  ""N"""
PeakLoad,3.37,"  ""N"""
PeelEnd,403,"  """""
PeelStart,39,"  """""
BeginData,,
_Load, SlackExt,
N," ""mm""",
0,0,
0,0.001,
0,0.001,
0,0.001,
0,0.001,
0,0.001,
0,0.003,
0,0.021,
0,0.051,
0.01,0.094,
0.05,0.152,
0.06,0.222,
0.03,0.303,
0.03,0.396,
0.03,0.5,
0.03,0.604,
0.01,0.705,
0.01,0.807,
0.01,0.909,
0.01,1.01,
0.01,1.112,
0.02,1.213,
0.02,1.314,
0.02,1.417,
0.02,1.518,
0.02,1.62,
0.03,1.722,
0.03,1.823,
0.03,1.925,
0.04,2.027,
0.04,2.128,
0.05,2.23,
0.06,2.332,
0.06,2.433,
0.06,2.535,
0.07,2.637,
0.08,2.738,
0.09,2.84,
0.1,2.942,
0.11,3.043,
0.12,3.146,
0.13,3.246,
0.12,3.348,
0.13,3.45,
0.15,3.551,
0.15,3.653,
0.16,3.755,
0.17,3.856,
0.18,3.958,
0.2,4.06,
0.21,4.161,
0.22,4.264,
0.24,4.365,
0.26,4.467,
0.28,4.568,
0.31,4.67,
0.34,4.771,
0.36,4.874,
0.39,4.974,
0.4,5.076,
0.41,5.178,
0.39,5.279,
0.37,5.382,
0.38,5.484,
0.41,5.584,
0.44,5.687,
0.47,5.788,
0.47,5.89,
0.48,5.992,
0.5,6.093,
0.49,6.195,
0.45,6.297,
0.46,6.398,
0.48,6.5,
0.51,6.602,
0.53,6.703,
0.55,6.805,
0.57,6.907,
0.56,7.008,
0.55,7.11,
0.56,7.212,
0.58,7.313,
0.6,7.415,
0.59,7.516,
0.59,7.618,
0.61,7.72,
0.62,7.821,
0.61,7.923,
0.59,8.025,
0.59,8.126,
0.6,8.228,
0.61,8.331,
0.64,8.431,
0.64,8.533,
0.64,8.635,
0.66,8.736,
0.69,8.838,
0.71,8.94,
0.71,9.041,
0.7,9.143,
0.73,9.245,
0.76,9.347,
0.81,9.449,
0.85,9.55,
0.87,9.652,
0.89,9.753,
0.94,9.855,
0.97,9.956,
0.99,10.059,
0.99,10.159,
0.93,10.261,
0.91,10.363,
0.94,10.464,
0.98,10.567,
1.03,10.669,
1.04,10.769,
1.04,10.872,
1.07,10.974,
1.12,11.075,
1.16,11.177,
1.13,11.278,
1.07,11.38,
1.08,11.482,
1.13,11.583,
1.18,11.684,
1.19,11.787,
1.16,11.888,
1.1,11.99,
1.1,12.092,
1.14,12.193,
1.2,12.295,
1.26,12.397,
1.31,12.498,
1.3,12.6,
1.26,12.702,
1.19,12.803,
1.17,12.905,
1.22,13.006,
1.27,13.109,
1.32,13.21,
1.36,13.311,
1.38,13.413,
1.39,13.515,
1.41,13.616,
1.44,13.718,
1.5,13.82,
1.56,13.921,
1.61,14.023,
1.64,14.125,
1.67,14.226,
1.7,14.328,
1.69,14.43,
1.61,14.532,
1.49,14.634,
1.45,14.734,
1.45,14.837,
1.48,14.939,
1.54,15.04,
1.58,15.141,
1.55,15.244,
1.47,15.344,
1.43,15.447,
1.46,15.548,
1.5,15.649,
1.54,15.752,
1.58,15.853,
1.54,15.954,
1.44,16.057,
1.41,16.158,
1.42,16.26,
1.43,16.362,
1.45,16.463,
1.45,16.565,
1.32,16.667,
1.18,16.768,
1.14,16.87,
1.18,16.972,
1.22,17.073,
1.28,17.175,
1.33,17.277,
1.36,17.378,
1.38,17.48,
1.41,17.582,
1.43,17.683,
1.44,17.785,
1.48,17.886,
1.52,17.987,
1.55,18.09,
1.53,18.191,
1.49,18.293,
1.48,18.396,
1.43,18.496,
1.38,18.598,
1.37,18.7,
1.37,18.801,
1.35,18.903,
1.31,19.005,
1.3,19.106,
1.27,19.208,
1.22,19.31,
1.23,19.411,
1.27,19.514,
1.29,19.615,
1.32,19.716,
1.36,19.819,
1.41,19.92,
1.46,20.022,
1.5,20.124,
1.5,20.225,
1.45,20.326,
1.41,20.429,
1.44,20.529,
1.44,20.632,
1.34,20.733,
1.29,20.834,
1.32,20.937,
1.36,21.038,
1.41,21.139,
1.44,21.242,
1.42,21.343,
1.41,21.444,
1.43,21.547,
1.45,21.648,
1.45,21.75,
1.41,21.852,
1.41,21.953,
1.45,22.055,
1.48,22.157,
1.5,22.258,
1.49,22.36,
1.47,22.462,
1.5,22.563,
1.58,22.665,
1.67,22.767,
1.72,22.868,
1.74,22.97,
1.79,23.071,
1.82,23.173,
1.83,23.275,
1.87,23.376,
1.93,23.479,
1.99,23.58,
2.06,23.681,
2.13,23.783,
2.2,23.885,
2.27,23.986,
2.32,24.088,
2.29,24.19,
2.22,24.291,
2.22,24.393,
2.26,24.495,
2.29,24.596,
2.29,24.699,
2.24,24.8,
2.21,24.901,
2.27,25.004,
2.35,25.105,
2.38,25.207,
2.38,25.309,
2.41,25.409,
2.44,25.511,
2.48,25.614,
2.54,25.714,
2.62,25.817,
2.71,25.918,
2.76,26.019,
2.71,26.122,
2.6,26.223,
2.55,26.324,
2.59,26.427,
2.62,26.528,
2.66,26.629,
2.73,26.732,
2.78,26.833,
2.82,26.935,
2.86,27.037,
2.87,27.138,
2.89,27.24,
2.96,27.342,
3.03,27.443,
3.02,27.545,
2.95,27.647,
2.84,27.748,
2.68,27.85,
2.52,27.952,
2.46,28.053,
2.52,28.155,
2.6,28.256,
2.61,28.358,
2.6,28.46,
2.67,28.561,
2.77,28.663,
2.87,28.765,
2.93,28.866,
2.97,28.968,
3.06,29.071,
3.14,29.171,
3.11,29.273,
3.05,29.375,
3.05,29.476,
3.11,29.579,
3.19,29.68,
3.26,29.781,
3.32,29.884,
3.37,29.985,
3.36,30.086,
3.25,30.189,
3.18,30.289,
3.18,30.392,
3.16,30.493,
3.11,30.594,
3.07,30.697,
3.03,30.798,
3.05,30.899,
3.16,31.002,
3.26,31.103,
3.34,31.205,
3.28,31.307,
3.04,31.408,
2.78,31.509,
2.45,31.612,
2.27,31.713,
2.3,31.815,
2.36,31.917,
2.44,32.018,
2.51,32.12,
2.53,32.222,
2.4,32.323,
2.28,32.425,
2.26,32.527,
2.21,32.628,
2.19,32.73,
2.2,32.831,
2.13,32.933,
1.99,33.035,
1.89,33.136,
1.81,33.238,
1.76,33.34,
1.74,33.441,
1.71,33.543,
1.69,33.645,
1.68,33.746,
1.7,33.848,
1.73,33.95,
1.76,34.051,
1.78,34.154,
1.75,34.255,
1.74,34.356,
1.76,34.459,
1.77,34.56,
1.76,34.661,
1.73,34.763,
1.67,34.865,
1.62,34.966,
1.56,35.069,
1.36,35.17,
1.18,35.272,
1.16,35.374,
1.17,35.474,
1.16,35.577,
1.17,35.678,
1.18,35.78,
1.19,35.882,
1.2,35.983,
1.22,36.084,
1.23,36.187,
1.18,36.288,
1.09,36.39,
1.04,36.492,
0.99,36.593,
0.94,36.694,
0.92,36.797,
0.89,36.898,
0.78,37,
0.66,37.102,
0.58,37.203,
0.53,37.305,
0.53,37.407,
0.53,37.508,
0.54,37.61,
0.54,37.712,
0.54,37.813,
0.48,37.915,
0.44,38.017,
0.43,38.118,
0.43,38.22,
0.41,38.321,
0.35,38.422,
0.33,38.525,
0.32,38.626,
0.32,38.728,
0.32,38.83,
0.33,38.931,
0.33,39.033,
0.32,39.135,
0.3,39.236,
0.29,39.339,
0.3,39.44,
0.3,39.541,
0.3,39.644,
0.31,39.745,
0.31,39.847,
0.31,39.948,
0.3,40.049,
0.29,40.151,
0.29,40.254,
0.3,40.354,
0.3,40.457,
0.3,40.558,
0.27,40.659,
0.24,40.762,
0.22,40.864,
0.2,40.965,
0.19,41.067,
0.15,41.168,
0.11,41.269,
0.1,41.372,
0.11,41.473,
0.1,41.575,
0.11,41.677,
0.11,41.778,
0.1,41.879,
0.1,41.982,
0.11,42.083,
0.11,42.185,
0.1,42.287,
0.07,42.387,
0.02,42.49,
0,42.592,
0,42.693,
-0.01,42.795,
0,42.897,
0,42.998,
0,43.1,
0,43.201,
0,43.304,
0,43.405,
0,43.506,
0,43.608,
0,43.71,
0,43.811,
0,43.913,
0,44.015,
0,44.116,
0,44.219,
0,44.32,
0,44.421,
0,44.523,
0,44.625,
-0.01,44.726,
0,44.829,
0,44.93,
-0.01,45.026,
-0.01,45.026,
EndData,,
EndSample,,
EndAnalysis,,
